,BernoulliNB,ComplementNB,GaussianNB,MultinomialNB,PW-NB(k=15),PW-NB(k=30),PW-NB(k=45),PW-NB(k=5)
BernoulliNB,1.0,0.015329360961914062,1.0,1.0,1.0,1.0,1.0,1.0
ComplementNB,0.015329360961914062,1.0,0.025723695755004883,1.0,0.002664327621459961,0.0024766921997070312,0.0023882389068603516,0.002299785614013672
GaussianNB,1.0,0.025723695755004883,1.0,0.14633941650390625,0.11407772458611984,0.33133992102375726,0.6421040810741576,0.08939125109520316
MultinomialNB,1.0,1.0,0.14633941650390625,1.0,0.1028752326965332,0.09702682495117188,0.09746074676513672,0.09111857414245605
PW-NB(k=15),1.0,0.002664327621459961,0.11407772458611984,0.1028752326965332,1.0,1.0,0.8092039689931078,1.0
PW-NB(k=30),1.0,0.0024766921997070312,0.33133992102375726,0.09702682495117188,1.0,1.0,1.0,0.6788865510259945
PW-NB(k=45),1.0,0.0023882389068603516,0.6421040810741576,0.09746074676513672,0.8092039689931078,1.0,1.0,1.0
PW-NB(k=5),1.0,0.002299785614013672,0.08939125109520316,0.09111857414245605,1.0,0.6788865510259945,1.0,1.0
