,BernoulliNB,ComplementNB,GaussianNB,MultinomialNB,PW-NB(k=15),PW-NB(k=30),PW-NB(k=45),PW-NB(k=5)
BernoulliNB,1.0,0.003662109375,1.0,1.0,1.0,1.0,1.0,1.0
ComplementNB,0.003662109375,1.0,0.10187816619873047,1.0,0.0019030570983886719,0.0016889572143554688,0.0016286373138427734,0.002211332321166992
GaussianNB,1.0,0.10187816619873047,1.0,1.0,0.08939125109520316,0.371692475181249,0.5399912018162452,0.0683587260909619
MultinomialNB,1.0,1.0,1.0,1.0,0.5415658950805664,0.5114789009094238,0.48139190673828125,0.531470775604248
PW-NB(k=15),1.0,0.0019030570983886719,0.08939125109520316,0.5415658950805664,1.0,1.0,1.0,0.910824985273362
PW-NB(k=30),1.0,0.0016889572143554688,0.371692475181249,0.5114789009094238,1.0,1.0,1.0,1.0
PW-NB(k=45),1.0,0.0016286373138427734,0.5399912018162452,0.48139190673828125,1.0,1.0,1.0,1.0
PW-NB(k=5),1.0,0.002211332321166992,0.0683587260909619,0.531470775604248,0.910824985273362,1.0,1.0,1.0
