,BernoulliNB,ComplementNB,GaussianNB,MultinomialNB,PW-NB(k=15),PW-NB(k=30),PW-NB(k=45),PW-NB(k=5)
BernoulliNB,1.0,0.5879287719726562,0.028130054473876953,1.0,0.002664327621459961,0.0010476112365722656,0.0008819103240966797,0.003662109375
ComplementNB,0.5879287719726562,1.0,0.7581691741943359,6.67572021484375e-06,0.34542131423950195,0.27674198150634766,0.3050708770751953,0.3070411682128906
GaussianNB,0.028130054473876953,0.7581691741943359,1.0,0.1450352668762207,0.119232177734375,0.07376265525817871,0.04907369613647461,0.12804698944091797
MultinomialNB,1.0,6.67572021484375e-06,0.1450352668762207,1.0,0.029168128967285156,0.026851415634155273,0.022444486618041992,0.0277097225189209
PW-NB(k=15),0.002664327621459961,0.34542131423950195,0.119232177734375,0.029168128967285156,1.0,0.4073039073589588,0.30036953460678517,0.9095312825191832
PW-NB(k=30),0.0010476112365722656,0.27674198150634766,0.07376265525817871,0.026851415634155273,0.4073039073589588,1.0,0.13451399182791873,1.0
PW-NB(k=45),0.0008819103240966797,0.3050708770751953,0.04907369613647461,0.022444486618041992,0.30036953460678517,0.13451399182791873,1.0,0.9427867492491909
PW-NB(k=5),0.003662109375,0.3070411682128906,0.12804698944091797,0.0277097225189209,0.9095312825191832,1.0,0.9427867492491909,1.0
