,BernoulliNB,ComplementNB,GaussianNB,MultinomialNB,PW-NB(k=15),PW-NB(k=30),PW-NB(k=45),PW-NB(k=5)
BernoulliNB,1.0,0.008732080459594727,1.0,1.0,1.0,1.0,1.0,1.0
ComplementNB,0.008732080459594727,1.0,0.08910346031188965,0.9401378631591797,0.007748603820800781,0.006842851638793945,0.005080223083496094,0.009790420532226562
GaussianNB,1.0,0.08910346031188965,1.0,1.0,0.13998118671108195,0.371692475181249,0.6741190214149602,0.2018746788689125
MultinomialNB,1.0,0.9401378631591797,1.0,1.0,1.0,1.0,1.0,1.0
PW-NB(k=15),1.0,0.007748603820800781,0.13998118671108195,1.0,1.0,1.0,1.0,1.0
PW-NB(k=30),1.0,0.006842851638793945,0.371692475181249,1.0,1.0,1.0,1.0,1.0
PW-NB(k=45),1.0,0.005080223083496094,0.6741190214149602,1.0,1.0,1.0,1.0,1.0
PW-NB(k=5),1.0,0.009790420532226562,0.2018746788689125,1.0,1.0,1.0,1.0,1.0
