,BernoulliNB,ComplementNB,GaussianNB,MultinomialNB,PW-NB(k=15),PW-NB(k=30),PW-NB(k=45),PW-NB(k=5)
BernoulliNB,1.0,0.026842117309570312,1.0,0.6228768825531006,1.0,1.0,1.0,1.0
ComplementNB,0.026842117309570312,1.0,0.029408693313598633,0.7313888072967529,0.006589412689208984,0.008732080459594727,0.005800008773803711,0.00357818603515625
GaussianNB,1.0,0.029408693313598633,1.0,0.04907369613647461,0.6421040810741576,1.0,1.0,0.6181197560896717
MultinomialNB,0.6228768825531006,0.7313888072967529,0.04907369613647461,1.0,0.04271984100341797,0.04058384895324707,0.030626535415649414,0.028130054473876953
PW-NB(k=15),1.0,0.006589412689208984,0.6421040810741576,0.04271984100341797,1.0,1.0,1.0,1.0
PW-NB(k=30),1.0,0.008732080459594727,1.0,0.04058384895324707,1.0,1.0,1.0,0.09747784615522108
PW-NB(k=45),1.0,0.005800008773803711,1.0,0.030626535415649414,1.0,1.0,1.0,1.0
PW-NB(k=5),1.0,0.00357818603515625,0.6181197560896717,0.028130054473876953,1.0,0.09747784615522108,1.0,1.0
