,BernoulliNB,ComplementNB,GaussianNB,MultinomialNB,PW-NB(k=15),PW-NB(k=30),PW-NB(k=45),PW-NB(k=5)
BernoulliNB,1.0,0.04641421096648497,1.0,0.41431520051296505,1.0,1.0,1.0,1.0
ComplementNB,0.04641421096648497,1.0,0.17731638839116068,0.8788507586415779,0.11998917794384835,0.13735647600168566,0.12855393426525935,0.07216252835734974
GaussianNB,1.0,0.17731638839116068,1.0,0.18027909800797798,0.33013496169519285,0.7311085934126094,0.8756092408181466,0.18919323940048155
MultinomialNB,0.41431520051296505,0.8788507586415779,0.18027909800797798,1.0,0.16872300596690004,0.17935198910389166,0.17038438964869707,0.17244087635545718
PW-NB(k=15),1.0,0.11998917794384835,0.33013496169519285,0.16872300596690004,1.0,1.0,1.0,1.0
PW-NB(k=30),1.0,0.13735647600168566,0.7311085934126094,0.17935198910389166,1.0,1.0,1.0,1.0
PW-NB(k=45),1.0,0.12855393426525935,0.8756092408181466,0.17038438964869707,1.0,1.0,1.0,1.0
PW-NB(k=5),1.0,0.07216252835734974,0.18919323940048155,0.17244087635545718,1.0,1.0,1.0,1.0
