,BernoulliNB,ComplementNB,GaussianNB,MultinomialNB,PW-NB(k=15),PW-NB(k=30),PW-NB(k=45),PW-NB(k=5)
BernoulliNB,1.0,0.045238494873046875,1.0,1.0,1.0,1.0,1.0,1.0
ComplementNB,0.045238494873046875,1.0,0.08910346031188965,1.0,0.014895915985107422,0.014344215393066406,0.01379251480102539,0.009779930114746094
GaussianNB,1.0,0.08910346031188965,1.0,0.37532901763916016,1.0,1.0,1.0,0.9077282675247283
MultinomialNB,1.0,1.0,0.37532901763916016,1.0,0.3574562072753906,0.35203027725219727,0.3395833969116211,0.270479679107666
PW-NB(k=15),1.0,0.014895915985107422,1.0,0.3574562072753906,1.0,1.0,1.0,1.0
PW-NB(k=30),1.0,0.014344215393066406,1.0,0.35203027725219727,1.0,1.0,1.0,1.0
PW-NB(k=45),1.0,0.01379251480102539,1.0,0.3395833969116211,1.0,1.0,1.0,0.8519245948146423
PW-NB(k=5),1.0,0.009779930114746094,0.9077282675247283,0.270479679107666,1.0,1.0,0.8519245948146423,1.0
