,BernoulliNB,ComplementNB,GaussianNB,MultinomialNB,PW-NB(k=15),PW-NB(k=30),PW-NB(k=45),PW-NB(k=5)
BernoulliNB,1.0,0.006014823913574219,0.3567638397216797,1.0,0.37158751487731934,0.39652037620544434,0.338214635848999,0.35203027725219727
ComplementNB,0.006014823913574219,1.0,0.1811842918395996,0.34189867973327637,0.34253454208374023,0.3574562072753906,0.3196578025817871,0.32703351974487305
GaussianNB,0.3567638397216797,0.1811842918395996,1.0,1.0,1.0,1.0,1.0,0.9405548572540283
MultinomialNB,1.0,0.34189867973327637,1.0,1.0,1.0,1.0,1.0,1.0
PW-NB(k=15),0.37158751487731934,0.34253454208374023,1.0,1.0,1.0,1.0,1.0,1.0
PW-NB(k=30),0.39652037620544434,0.3574562072753906,1.0,1.0,1.0,1.0,1.0,1.0
PW-NB(k=45),0.338214635848999,0.3196578025817871,1.0,1.0,1.0,1.0,1.0,1.0
PW-NB(k=5),0.35203027725219727,0.32703351974487305,0.9405548572540283,1.0,1.0,1.0,1.0,1.0
