,BernoulliNB,ComplementNB,GaussianNB,MultinomialNB,PW-NB(k=15),PW-NB(k=30),PW-NB(k=45),PW-NB(k=5)
BernoulliNB,1.0,0.06962759893119937,0.24466753005981445,0.16174697875976562,1.0,1.0,1.0,1.0
ComplementNB,0.06962759893119937,1.0,0.015447616577148438,1.0,0.03208494186401367,0.029408693313598633,0.030626535415649414,0.1207895278930664
GaussianNB,0.24466753005981445,0.015447616577148438,1.0,0.022936105728149414,0.6903942826244907,0.1404566764831543,0.22835636138916016,0.971274450478485
MultinomialNB,0.16174697875976562,1.0,0.022936105728149414,1.0,0.022086620330810547,0.024396181106567383,0.026842117309570312,0.029168128967285156
PW-NB(k=15),1.0,0.03208494186401367,0.6903942826244907,0.022086620330810547,1.0,1.0,0.52056937493915,0.970219757029658
PW-NB(k=30),1.0,0.029408693313598633,0.1404566764831543,0.024396181106567383,1.0,1.0,1.0,1.0
PW-NB(k=45),1.0,0.030626535415649414,0.22835636138916016,0.026842117309570312,0.52056937493915,1.0,1.0,1.0
PW-NB(k=5),1.0,0.1207895278930664,0.971274450478485,0.029168128967285156,0.970219757029658,1.0,1.0,1.0
